mutation_unp	GENE	RefSeq_protein
K45E	SAMD11	NP_689699
P293A	SAMD11	NP_689699
G76S	AGRN	NP_940978
N105I	AGRN	NP_940978
A375S	AGRN	NP_940978
T435M	AGRN	NP_940978
G510S	AGRN	NP_940978
L1176P	AGRN	NP_940978
R1509W	AGRN	NP_940978
G1675S	AGRN	NP_940978
R1698C	AGRN	NP_940978
G1709R	AGRN	NP_940978
V1727F	AGRN	NP_940978
A1768P	AGRN	NP_940978
G1871R	AGRN	NP_940978
R65C	TNFRSF4	NP_003318
D295N	SDF4	NP_057260
R6W	B3GALT6	NP_542172
L26P	B3GALT6	NP_542172
V61L	B3GALT6	NP_542172
S65G	B3GALT6	NP_542172
P67L	B3GALT6	NP_542172
T79A	B3GALT6	NP_542172
D144N	B3GALT6	NP_542172
D156N	B3GALT6	NP_542172
S159Y	B3GALT6	NP_542172
R171C	B3GALT6	NP_542172
Y182C	B3GALT6	NP_542172
F186L	B3GALT6	NP_542172
C206W	B3GALT6	NP_542172
D207H	B3GALT6	NP_542172
P211S	B3GALT6	NP_542172
G217S	B3GALT6	NP_542172
R232C	B3GALT6	NP_542172
R256W	B3GALT6	NP_542172
R261H	B3GALT6	NP_542172
G270S	B3GALT6	NP_542172
C300S	B3GALT6	NP_542172
S309T	B3GALT6	NP_542172
Y310C	B3GALT6	NP_542172
P318L	B3GALT6	NP_542172
F749S	TAS1R3	NP_689414
R757C	TAS1R3	NP_689414
R594H	DVL1	NP_004412
K437R	DVL1	NP_004412
R351W	DVL1	NP_004412
A291T	DVL1	NP_004412
R224K	DVL1	NP_004412
I413N	MXRA8	NP_115724
F56C	VWA1	NP_073745
A277V	ATAD3C	NP_001034300
A507V	ATAD3B	NP_114127
F50L	ATAD3A	NP_001164006
T53I	ATAD3A	NP_001164006
L77R	ATAD3A	NP_001164006
G355D	ATAD3A	NP_001164006
R528W	ATAD3A	NP_001164006
R171W	TMEM240	NP_001108220
P170L	TMEM240	NP_001108220
E149K	TMEM240	NP_001108220
R116C	TMEM240	NP_001108220
T80M	TMEM240	NP_001108220
V742G	MIB2	NP_543151
V984L	MIB2	NP_543151
R93W	CDK11A	NP_076916
K337Q	GNB1	NP_002065
D118G	GNB1	NP_002065
A106T	GNB1	NP_002065
M101V	GNB1	NP_002065
R96L	GNB1	NP_002065
L95P	GNB1	NP_002065
P94S	GNB1	NP_002065
A92T	GNB1	NP_002065
H91R	GNB1	NP_002065
I80N	GNB1	NP_002065
I80T	GNB1	NP_002065
K78R	GNB1	NP_002065
G77A	GNB1	NP_002065
G77V	GNB1	NP_002065
G77S	GNB1	NP_002065
D76E	GNB1	NP_002065
D76G	GNB1	NP_002065
G64V	GNB1	NP_002065
R52G	GNB1	NP_002065
L30F	GNB1	NP_002065
G594E	KIAA1751	NP_001291289
E177A	GABRD	NP_000806
R220C	GABRD	NP_000806
R220H	GABRD	NP_000806
S230A	GABRD	NP_000806
T292M	GABRD	NP_000806
T20K	SKI	NP_003027
T20R	SKI	NP_003027
L21R	SKI	NP_003027
S28T	SKI	NP_003027
S31L	SKI	NP_003027
L32V	SKI	NP_003027
L32P	SKI	NP_003027
G34S	SKI	NP_003027
G34C	SKI	NP_003027
G34D	SKI	NP_003027
G34A	SKI	NP_003027
G34V	SKI	NP_003027
P35S	SKI	NP_003027
P35Q	SKI	NP_003027
G116E	SKI	NP_003027
G117R	SKI	NP_003027
A155S	SKI	NP_003027
A388V	SKI	NP_003027
A510T	SKI	NP_003027
G107R	MORN1	NP_079124
R343Q	PEX10	NP_722540
R331Q	PEX10	NP_722540
C327Y	PEX10	NP_722540
C327R	PEX10	NP_722540
H310Q	PEX10	NP_722540
H310D	PEX10	NP_722540
L297P	PEX10	NP_722540
C296F	PEX10	NP_722540
T294A	PEX10	NP_722540
L177R	PEX10	NP_722540
R92H	PEX10	NP_722540
Q78R	PEX10	NP_722540
E71K	PEX10	NP_722540
G70R	PEX10	NP_722540
T68N	PEX10	NP_722540
R48C	PLCH2	NP_001289941
C711Y	PLCH2	NP_001289941
G72D	TNFRSF14	NP_003811
A117T	TNFRSF14	NP_003811
M518T	MMEL1	NP_258428
E271K	PRDM16	NP_071397
P291L	PRDM16	NP_071397
F729L	PRDM16	NP_071397
N816S	PRDM16	NP_071397
R823P	PRDM16	NP_071397
A856T	PRDM16	NP_071397
S859L	PRDM16	NP_071397
L887P	PRDM16	NP_071397
H969R	PRDM16	NP_071397
G1042R	PRDM16	NP_071397
V1101M	PRDM16	NP_071397
R283W	ARHGEF16	NP_055263
C1279Y	MEGF6	NP_001400
T14M	TP73	NP_005418
L411V	CCDC27	NP_689705
M51K	SMIM1	NP_001157196
M51R	SMIM1	NP_001157196
F1393L	NPHP4	NP_055917
L1372P	NPHP4	NP_055917
R1359W	NPHP4	NP_055917
P1328L	NPHP4	NP_055917
L1307P	NPHP4	NP_055917
H1304R	NPHP4	NP_055917
L1289P	NPHP4	NP_055917
Q1287E	NPHP4	NP_055917
R1284C	NPHP4	NP_055917
V1236M	NPHP4	NP_055917
R1235G	NPHP4	NP_055917
T1225M	NPHP4	NP_055917
R1192W	NPHP4	NP_055917
Q1132P	NPHP4	NP_055917
T1122P	NPHP4	NP_055917
A1110V	NPHP4	NP_055917
A1098T	NPHP4	NP_055917
V1061I	NPHP4	NP_055917
R1054C	NPHP4	NP_055917
R1044H	NPHP4	NP_055917
E1013K	NPHP4	NP_055917
F991S	NPHP4	NP_055917
T977M	NPHP4	NP_055917
S972G	NPHP4	NP_055917
E965K	NPHP4	NP_055917
R961H	NPHP4	NP_055917
Q947R	NPHP4	NP_055917
T946A	NPHP4	NP_055917
R906H	NPHP4	NP_055917
R906C	NPHP4	NP_055917
V883M	NPHP4	NP_055917
R848W	NPHP4	NP_055917
H782Q	NPHP4	NP_055917
P776R	NPHP4	NP_055917
R772C	NPHP4	NP_055917
Q766R	NPHP4	NP_055917
G754R	NPHP4	NP_055917
R735W	NPHP4	NP_055917
G733D	NPHP4	NP_055917
Q684R	NPHP4	NP_055917
P677S	NPHP4	NP_055917
R674H	NPHP4	NP_055917
A654G	NPHP4	NP_055917
T627M	NPHP4	NP_055917
Q569E	NPHP4	NP_055917
P541L	NPHP4	NP_055917
P511L	NPHP4	NP_055917
R469W	NPHP4	NP_055917
R342C	NPHP4	NP_055917
G294S	NPHP4	NP_055917
R232C	NPHP4	NP_055917
G225S	NPHP4	NP_055917
G225C	NPHP4	NP_055917
A171T	NPHP4	NP_055917
H164Y	NPHP4	NP_055917
F91L	NPHP4	NP_055917
D3Y	NPHP4	NP_055917
R12Q	KCNAB2	NP_003627
L13F	KCNAB2	NP_003627
R110W	KCNAB2	NP_003627
R1884L	CHD5	NP_056372
V1315M	CHD5	NP_056372
R1079W	CHD5	NP_056372
K116N	CHD5	NP_056372
N573S	RNF207	NP_997279
T102I	GPR153	NP_997253
T640S	ESPN	NP_113663
S719R	ESPN	NP_113663
P724L	ESPN	NP_113663
H743Y	ESPN	NP_113663
D744N	ESPN	NP_113663
R774Q	ESPN	NP_113663
G820R	PLEKHG5	NP_065682
T663M	PLEKHG5	NP_065682
F647S	PLEKHG5	NP_065682
P630H	PLEKHG5	NP_065682
M480L	PLEKHG5	NP_065682
R332W	PLEKHG5	NP_065682
D240N	PLEKHG5	NP_065682
A34T	PLEKHG5	NP_065682
P40S	PLEKHG5	NP_001252521
A110V	TAS1R1	NP_619642
A372T	TAS1R1	NP_619642
R507Q	TAS1R1	NP_619642
R955W	CAMTA1	NP_056030
R1135W	CAMTA1	NP_056030
R365Q	PER3	NP_058515
P414A	PER3	NP_058515
H416R	PER3	NP_058515
V639G	PER3	NP_058515
M1028T	PER3	NP_058515
S89N	UTS2	NP_068835
T21M	UTS2	NP_068835
L10P	PARK7	NP_009193
M26I	PARK7	NP_009193
V35I	PARK7	NP_009193
A39S	PARK7	NP_009193
E64D	PARK7	NP_009193
R98Q	PARK7	NP_009193
A104T	PARK7	NP_009193
I105F	PARK7	NP_009193
A107P	PARK7	NP_009193
K132E	PARK7	NP_009193
M133I	PARK7	NP_009193
D149A	PARK7	NP_009193
T154K	PARK7	NP_009193
E163K	PARK7	NP_009193
L166P	PARK7	NP_009193
L172Q	PARK7	NP_009193
I90T	SLC45A1	NP_001073866
R210W	SLC45A1	NP_001073866
A244V	SLC45A1	NP_001073866
H1464R	RERE	NP_036234
H1435R	RERE	NP_036234
H1435L	RERE	NP_036234
H1435Y	RERE	NP_036234
H1431Q	RERE	NP_036234
V1422M	RERE	NP_036234
P1262R	RERE	NP_036234
E1258K	RERE	NP_036234
R1229Q	RERE	NP_036234
G1156R	RERE	NP_036234
L1098V	RERE	NP_036234
P1049L	RERE	NP_036234
P926L	RERE	NP_036234
R676K	RERE	NP_036234
V471I	RERE	NP_036234
T433I	RERE	NP_036234
R50W	ENO1	NP_001419
S90G	CA6	NP_001206
I296M	SLC2A5	NP_003030
R270W	SLC2A5	NP_003030
P146L	H6PD	NP_004276
D151A	H6PD	NP_004276
G359D	H6PD	NP_004276
R453Q	H6PD	NP_004276
G533V	H6PD	NP_004276
P554L	H6PD	NP_004276
A105T	SPSB1	NP_079382
R666C	TMEM201	NP_001124396
E81K	PIK3CD	NP_005017
G124D	PIK3CD	NP_005017
D133N	PIK3CD	NP_005017
N334K	PIK3CD	NP_005017
L347V	PIK3CD	NP_005017
R405C	PIK3CD	NP_005017
C416R	PIK3CD	NP_005017
R512W	PIK3CD	NP_005017
E525K	PIK3CD	NP_005017
E525A	PIK3CD	NP_005017
E607D	PIK3CD	NP_005017
R929C	PIK3CD	NP_005017
E1021K	PIK3CD	NP_005017
E1025G	PIK3CD	NP_005017
S869R	CLSTN1	NP_001009566
V9M	NMNAT1	NP_073624
A13T	NMNAT1	NP_073624
G15S	NMNAT1	NP_073624
N18S	NMNAT1	NP_073624
I20N	NMNAT1	NP_073624
N22S	NMNAT1	NP_073624
D33G	NMNAT1	NP_073624
M35V	NMNAT1	NP_073624
M35T	NMNAT1	NP_073624
G37R	NMNAT1	NP_073624
G52V	NMNAT1	NP_073624
A54V	NMNAT1	NP_073624
R66W	NMNAT1	NP_073624
R66Q	NMNAT1	NP_073624
V67F	NMNAT1	NP_073624
M69V	NMNAT1	NP_073624
L72H	NMNAT1	NP_073624
W85R	NMNAT1	NP_073624
E91K	NMNAT1	NP_073624
E91G	NMNAT1	NP_073624
V98G	NMNAT1	NP_073624
A147P	NMNAT1	NP_073624
V151F	NMNAT1	NP_073624
L153V	NMNAT1	NP_073624
L153P	NMNAT1	NP_073624
G156R	NMNAT1	NP_073624
D158H	NMNAT1	NP_073624
S162Y	NMNAT1	NP_073624
N167S	NMNAT1	NP_073624
D173G	NMNAT1	NP_073624
V178M	NMNAT1	NP_073624
Y181C	NMNAT1	NP_073624
I184M	NMNAT1	NP_073624
R188W	NMNAT1	NP_073624
H206R	NMNAT1	NP_073624
R207W	NMNAT1	NP_073624
V212M	NMNAT1	NP_073624
I217N	NMNAT1	NP_073624
S223F	NMNAT1	NP_073624
R227W	NMNAT1	NP_073624
R232K	NMNAT1	NP_073624
R237C	NMNAT1	NP_073624
R237H	NMNAT1	NP_073624
R237L	NMNAT1	NP_073624
Y238C	NMNAT1	NP_073624
L239S	NMNAT1	NP_073624
P241S	NMNAT1	NP_073624
V244A	NMNAT1	NP_073624
E246Q	NMNAT1	NP_073624
E246V	NMNAT1	NP_073624
H251P	NMNAT1	NP_073624
Y254C	NMNAT1	NP_073624
E257K	NMNAT1	NP_073624
N273D	NMNAT1	NP_073624
A43V	UBE4B	NP_006039
Q98L	KIF1B	NP_055889
K294R	KIF1B	NP_055889
E646V	KIF1B	NP_055889
S677N	KIF1B	NP_904325
E758D	KIF1B	NP_904325
Y1117C	KIF1B	NP_904325
T674I	KIF1B	NP_055889
H696D	KIF1B	NP_055889
T827I	KIF1B	NP_055889
Y835C	KIF1B	NP_055889
P1217S	KIF1B	NP_055889
V1358A	KIF1B	NP_055889
S1481N	KIF1B	NP_055889
C1561Y	KIF1B	NP_055889
R226Q	PEX14	NP_004556
L38P	CASZ1	NP_001073312
A90V	TARDBP	NP_031401
D169G	TARDBP	NP_031401
N179D	TARDBP	NP_031401
I239V	TARDBP	NP_031401
N259S	TARDBP	NP_031401
K263E	TARDBP	NP_031401
N267S	TARDBP	NP_031401
G287S	TARDBP	NP_031401
G290A	TARDBP	NP_031401
S292N	TARDBP	NP_031401
G294A	TARDBP	NP_031401
G294V	TARDBP	NP_031401
G295S	TARDBP	NP_031401
G295R	TARDBP	NP_031401
G295C	TARDBP	NP_031401
G298S	TARDBP	NP_031401
Q303H	TARDBP	NP_031401
M311V	TARDBP	NP_031401
A315T	TARDBP	NP_031401
A315E	TARDBP	NP_031401
A321G	TARDBP	NP_031401
A321V	TARDBP	NP_031401
Q331K	TARDBP	NP_031401
S332N	TARDBP	NP_031401
G335D	TARDBP	NP_031401
M337V	TARDBP	NP_031401
Q343R	TARDBP	NP_031401
N345K	TARDBP	NP_031401
G348C	TARDBP	NP_031401
G348V	TARDBP	NP_031401
N352S	TARDBP	NP_031401
G357S	TARDBP	NP_031401
G357R	TARDBP	NP_031401
M359V	TARDBP	NP_031401
R361T	TARDBP	NP_031401
R361S	TARDBP	NP_031401
P363A	TARDBP	NP_031401
G368S	TARDBP	NP_031401
S375G	TARDBP	NP_031401
G376D	TARDBP	NP_031401
G376V	TARDBP	NP_031401
N378D	TARDBP	NP_031401
N378S	TARDBP	NP_031401
S379P	TARDBP	NP_031401
S379C	TARDBP	NP_031401
A382T	TARDBP	NP_031401
A382P	TARDBP	NP_031401
I383V	TARDBP	NP_031401
G384R	TARDBP	NP_031401
W385G	TARDBP	NP_031401
N390D	TARDBP	NP_031401
N390S	TARDBP	NP_031401
S393L	TARDBP	NP_031401
D641N	MASP2	NP_006601
N545D	MASP2	NP_006601
R439H	MASP2	NP_006601
W418C	MASP2	NP_006601
V377A	MASP2	NP_006601
Y371D	MASP2	NP_006601
R356W	MASP2	NP_006601
C156Y	MASP2	NP_006601
T128M	MASP2	NP_006601
P126L	MASP2	NP_006601
D120G	MASP2	NP_006601
R118C	MASP2	NP_006601
R2505P	MTOR	NP_004949
I2501V	MTOR	NP_004949
M2327I	MTOR	NP_004949
M2327I	MTOR	NP_004949
F2202C	MTOR	NP_004949
T1977I	MTOR	NP_004949
R1955C	MTOR	NP_004949
V1953L	MTOR	NP_004949
F1888C	MTOR	NP_004949
A1832T	MTOR	NP_004949
E1799K	MTOR	NP_004949
A1669S	MTOR	NP_004949
M1595I	MTOR	NP_004949
M1578V	MTOR	NP_004949
A1519T	MTOR	NP_004949
W1490R	MTOR	NP_004949
C1483Y	MTOR	NP_004949
C1483F	MTOR	NP_004949
A1459T	MTOR	NP_004949
M1313L	MTOR	NP_004949
Y1151C	MTOR	NP_004949
N796S	MTOR	NP_004949
D297N	MTOR	NP_004949
R206H	MTOR	NP_004949
T181S	MTOR	NP_004949
S56N	MTOR	NP_004949
A97T	UBIAD1	NP_037451
G98S	UBIAD1	NP_037451
N102S	UBIAD1	NP_037451
T103A	UBIAD1	NP_037451
T103I	UBIAD1	NP_037451
G110V	UBIAD1	NP_037451
D112N	UBIAD1	NP_037451
D112G	UBIAD1	NP_037451
D118G	UBIAD1	NP_037451
R119G	UBIAD1	NP_037451
T120R	UBIAD1	NP_037451
L121V	UBIAD1	NP_037451
L121F	UBIAD1	NP_037451
V122E	UBIAD1	NP_037451
V122G	UBIAD1	NP_037451
S171P	UBIAD1	NP_037451
Y174C	UBIAD1	NP_037451
T175I	UBIAD1	NP_037451
G176E	UBIAD1	NP_037451
G177R	UBIAD1	NP_037451
G177R	UBIAD1	NP_037451
G177E	UBIAD1	NP_037451
K181R	UBIAD1	NP_037451
G186R	UBIAD1	NP_037451
L188H	UBIAD1	NP_037451
N232S	UBIAD1	NP_037451
N233H	UBIAD1	NP_037451
D236E	UBIAD1	NP_037451
D240N	UBIAD1	NP_037451
I245N	UBIAD1	NP_037451
G96R	FBXO2	NP_036300
V85E	MAD2L2	NP_001120797
A48V	AGTRAP	NP_001035286
T653M	MTHFR	NP_005948
L628P	MTHFR	NP_005948
S605P	MTHFR	NP_005948
L598P	MTHFR	NP_005948
R594Q	MTHFR	NP_005948
E586K	MTHFR	NP_005948
M581I	MTHFR	NP_005948
V575G	MTHFR	NP_005948
V574G	MTHFR	NP_005948
P572L	MTHFR	NP_005948
V536F	MTHFR	NP_005948
R535Q	MTHFR	NP_005948
R535W	MTHFR	NP_005948
Y512C	MTHFR	NP_005948
Y506D	MTHFR	NP_005948
S440L	MTHFR	NP_005948
F435S	MTHFR	NP_005948
E429A	MTHFR	NP_005948
W421S	MTHFR	NP_005948
G390D	MTHFR	NP_005948
G387D	MTHFR	NP_005948
W381R	MTHFR	NP_005948
R377H	MTHFR	NP_005948
R377C	MTHFR	NP_005948
K372E	MTHFR	NP_005948
R363H	MTHFR	NP_005948
R357H	MTHFR	NP_005948
R357C	MTHFR	NP_005948
H354Y	MTHFR	NP_005948
P348S	MTHFR	NP_005948
R345C	MTHFR	NP_005948
W339G	MTHFR	NP_005948
M338T	MTHFR	NP_005948
R335H	MTHFR	NP_005948
R335C	MTHFR	NP_005948
L333P	MTHFR	NP_005948
R325C	MTHFR	NP_005948
N324S	MTHFR	NP_005948
L323P	MTHFR	NP_005948
D291N	MTHFR	NP_005948
I259L	MTHFR	NP_005948
F257V	MTHFR	NP_005948
I256N	MTHFR	NP_005948
G255V	MTHFR	NP_005948
P254S	MTHFR	NP_005948
V253F	MTHFR	NP_005948
P251L	MTHFR	NP_005948
A233G	MTHFR	NP_005948
T227M	MTHFR	NP_005948
I225L	MTHFR	NP_005948
D223N	MTHFR	NP_005948
A222V	MTHFR	NP_005948
V218L	MTHFR	NP_005948
P202T	MTHFR	NP_005948
P202S	MTHFR	NP_005948
H201Y	MTHFR	NP_005948
G196D	MTHFR	NP_005948
G196S	MTHFR	NP_005948
A195V	MTHFR	NP_005948
C193Y	MTHFR	NP_005948
R183Q	MTHFR	NP_005948
H181D	MTHFR	NP_005948
A175T	MTHFR	NP_005948
R157Q	MTHFR	NP_005948
I153M	MTHFR	NP_005948
Q147P	MTHFR	NP_005948
T139M	MTHFR	NP_005948
R134C	MTHFR	NP_005948
C130R	MTHFR	NP_005948
T129N	MTHFR	NP_005948
H127Y	MTHFR	NP_005948
A116T	MTHFR	NP_005948
A113T	MTHFR	NP_005948
M110I	MTHFR	NP_005948
R82W	MTHFR	NP_005948
R68G	MTHFR	NP_005948
P67S	MTHFR	NP_005948
P66L	MTHFR	NP_005948
W59C	MTHFR	NP_005948
W59S	MTHFR	NP_005948
R52Q	MTHFR	NP_005948
R51P	MTHFR	NP_005948
R46Q	MTHFR	NP_005948
R46W	MTHFR	NP_005948
E200A	CLCN6	NP_001277
A349T	CLCN6	NP_001277
H630Y	CLCN6	NP_001277
R850Q	CLCN6	NP_001277
R150Q	NPPA	NP_006163
I138T	NPPA	NP_006163
A117V	NPPA	NP_006163
S64R	NPPA	NP_006163
V32M	NPPA	NP_006163
L85P	PLOD1	NP_000293
A99T	PLOD1	NP_000293
W446G	PLOD1	NP_000293
W612C	PLOD1	NP_000293
V643I	PLOD1	NP_000293
A667T	PLOD1	NP_000293
G678R	PLOD1	NP_000293
H706R	PLOD1	NP_000293
R7Q	MFN2	NP_055689
H20Y	MFN2	NP_055689
M21V	MFN2	NP_055689
K37E	MFN2	NP_055689
Q45R	MFN2	NP_055689
E52K	MFN2	NP_055689
V69F	MFN2	NP_055689
Q74R	MFN2	NP_055689
L76P	MFN2	NP_055689
G80V	MFN2	NP_055689
K84E	MFN2	NP_055689
I88F	MFN2	NP_055689
V91E	MFN2	NP_055689
L92P	MFN2	NP_055689
L92R	MFN2	NP_055689
R94W	MFN2	NP_055689
R94Q	MFN2	NP_055689
R94P	MFN2	NP_055689
K98E	MFN2	NP_055689
A100G	MFN2	NP_055689
R104W	MFN2	NP_055689
R104Q	MFN2	NP_055689
R104L	MFN2	NP_055689
T105A	MFN2	NP_055689
T105S	MFN2	NP_055689
T105R	MFN2	NP_055689
T105M	MFN2	NP_055689
G108R	MFN2	NP_055689
K109R	MFN2	NP_055689
K120E	MFN2	NP_055689
P123L	MFN2	NP_055689
I126S	MFN2	NP_055689
G127S	MFN2	NP_055689
G127D	MFN2	NP_055689
G127V	MFN2	NP_055689
H128Y	MFN2	NP_055689
H128R	MFN2	NP_055689
T129P	MFN2	NP_055689
T129A	MFN2	NP_055689
T130I	MFN2	NP_055689
N131S	MFN2	NP_055689
C132Y	MFN2	NP_055689
R135Q	MFN2	NP_055689
L146F	MFN2	NP_055689
S156I	MFN2	NP_055689
V160G	MFN2	NP_055689
A164V	MFN2	NP_055689
H165D	MFN2	NP_055689
H165Y	MFN2	NP_055689
H165R	MFN2	NP_055689
H165L	MFN2	NP_055689
A166T	MFN2	NP_055689
A166V	MFN2	NP_055689
L167P	MFN2	NP_055689
G176S	MFN2	NP_055689
G176D	MFN2	NP_055689
K187E	MFN2	NP_055689
D194E	MFN2	NP_055689
P201L	MFN2	NP_055689
G202A	MFN2	NP_055689
I203M	MFN2	NP_055689
D204E	MFN2	NP_055689
V205A	MFN2	NP_055689
T206I	MFN2	NP_055689
D210Y	MFN2	NP_055689
D210V	MFN2	NP_055689
I213T	MFN2	NP_055689
D214N	MFN2	NP_055689
F216S	MFN2	NP_055689
C217F	MFN2	NP_055689
L218P	MFN2	NP_055689
A220T	MFN2	NP_055689
F223L	MFN2	NP_055689
F223L	MFN2	NP_055689
S231F	MFN2	NP_055689
T232A	MFN2	NP_055689
T232N	MFN2	NP_055689
L233V	MFN2	NP_055689
M234K	MFN2	NP_055689
Q235H	MFN2	NP_055689
T236M	MFN2	NP_055689
F240I	MFN2	NP_055689
F240V	MFN2	NP_055689
V244M	MFN2	NP_055689
V244L	MFN2	NP_055689
V244L	MFN2	NP_055689
S245R	MFN2	NP_055689
E246V	MFN2	NP_055689
L248V	MFN2	NP_055689
S249F	MFN2	NP_055689
R250W	MFN2	NP_055689
R250Q	MFN2	NP_055689
P251A	MFN2	NP_055689
P251R	MFN2	NP_055689
P251L	MFN2	NP_055689
N252K	MFN2	NP_055689
R259C	MFN2	NP_055689
R259H	MFN2	NP_055689
R259L	MFN2	NP_055689
S263P	MFN2	NP_055689
V273G	MFN2	NP_055689
R274W	MFN2	NP_055689
R274Q	MFN2	NP_055689
Q276R	MFN2	NP_055689
Q276H	MFN2	NP_055689
H277Y	MFN2	NP_055689
H277R	MFN2	NP_055689
R280H	MFN2	NP_055689
C281S	MFN2	NP_055689
F284Y	MFN2	NP_055689
E288D	MFN2	NP_055689
G298R	MFN2	NP_055689
K307E	MFN2	NP_055689
E347V	MFN2	NP_055689
S350P	MFN2	NP_055689
A353V	MFN2	NP_055689
T356A	MFN2	NP_055689
T356N	MFN2	NP_055689
T356S	MFN2	NP_055689
K357N	MFN2	NP_055689
Q360E	MFN2	NP_055689
H361Y	MFN2	NP_055689
T362R	MFN2	NP_055689
T362M	MFN2	NP_055689
R364W	MFN2	NP_055689
R364Q	MFN2	NP_055689
R364P	MFN2	NP_055689
Q367P	MFN2	NP_055689
M376L	MFN2	NP_055689
M376V	MFN2	NP_055689
M376T	MFN2	NP_055689
M376R	MFN2	NP_055689
M376I	MFN2	NP_055689
S378P	MFN2	NP_055689
A382P	MFN2	NP_055689
A383V	MFN2	NP_055689
R384W	MFN2	NP_055689
C390R	MFN2	NP_055689
C390F	MFN2	NP_055689
M393I	MFN2	NP_055689
R397P	MFN2	NP_055689
R400Q	MFN2	NP_055689
R400P	MFN2	NP_055689
R418Q	MFN2	NP_055689
E424G	MFN2	NP_055689
P456L	MFN2	NP_055689
R468H	MFN2	NP_055689
R476P	MFN2	NP_055689
A485T	MFN2	NP_055689
D496G	MFN2	NP_055689
P506A	MFN2	NP_055689
V509L	MFN2	NP_055689
I513V	MFN2	NP_055689
R519P	MFN2	NP_055689
N525S	MFN2	NP_055689
S546A	MFN2	NP_055689
N570S	MFN2	NP_055689
S612Y	MFN2	NP_055689
R632W	MFN2	NP_055689
S637F	MFN2	NP_055689
Y641H	MFN2	NP_055689
L643P	MFN2	NP_055689
R649P	MFN2	NP_055689
K662E	MFN2	NP_055689
R663C	MFN2	NP_055689
F665S	MFN2	NP_055689
L673P	MFN2	NP_055689
Q674L	MFN2	NP_055689
L692R	MFN2	NP_055689
V705I	MFN2	NP_055689
T706P	MFN2	NP_055689
R707W	MFN2	NP_055689
R707P	MFN2	NP_055689
L710P	MFN2	NP_055689
I714V	MFN2	NP_055689
A716T	MFN2	NP_055689
L724P	MFN2	NP_055689
K732E	MFN2	NP_055689
L734V	MFN2	NP_055689
A738V	MFN2	NP_055689
W740R	MFN2	NP_055689
W740S	MFN2	NP_055689
W740C	MFN2	NP_055689
L741S	MFN2	NP_055689
L741W	MFN2	NP_055689
S743R	MFN2	NP_055689
E744K	MFN2	NP_055689
L745P	MFN2	NP_055689
M747T	MFN2	NP_055689
M747R	MFN2	NP_055689
H750P	MFN2	NP_055689
K167E	MIIP	NP_068752
M196R	TNFRSF1B	NP_001057
R260W	VPS13D	NP_056193
R674G	VPS13D	NP_056193
T865A	VPS13D	NP_056193
S1042F	VPS13D	NP_056193
G1200D	VPS13D	NP_056193
L2900S	VPS13D	NP_056193
R3253Q	VPS13D	NP_056193
I3519T	VPS13D	NP_056193
N3521S	VPS13D	NP_056193
R4228Q	VPS13D	NP_056193
V110I	DHRS3	NP_004744
P293S	PRAMEF12	NP_001074299
W120C	PRAMEF1	NP_075389
S1266F	PRDM2	NP_036363
G18R	CTRC	NP_009203
A28T	CTRC	NP_009203
R29Q	CTRC	NP_009203
G32V	CTRC	NP_009203
D35Y	CTRC	NP_009203
Q48R	CTRC	NP_009203
G61R	CTRC	NP_009203
V69I	CTRC	NP_009203
A73T	CTRC	NP_009203
K151N	CTRC	NP_009203
C155Y	CTRC	NP_009203
R162H	CTRC	NP_009203
Q178R	CTRC	NP_009203
M200V	CTRC	NP_009203
G214R	CTRC	NP_009203
G217S	CTRC	NP_009203
G217R	CTRC	NP_009203
L220R	CTRC	NP_009203
Q223H	CTRC	NP_009203
E225K	CTRC	NP_009203
V235I	CTRC	NP_009203
S239A	CTRC	NP_009203
S239C	CTRC	NP_009203
K247E	CTRC	NP_009203
P249L	CTRC	NP_009203
V250E	CTRC	NP_009203
R254W	CTRC	NP_009203
R254Q	CTRC	NP_009203
A257T	CTRC	NP_009203
D260N	CTRC	NP_009203
N263S	CTRC	NP_009203
Y251C	CASP9	NP_001220
H237P	CASP9	NP_001220
Q221R	CASP9	NP_001220
R191G	CASP9	NP_001220
R180C	CASP9	NP_001220
R173C	CASP9	NP_001220
P123L	CASP9	NP_001220
G66A	CASP9	NP_001220
R38Q	FBLIM1	NP_001019386
F191S	FBLIM1	NP_001019386
P192S	FBLIM1	NP_001019386
D329A	SPEN	NP_055816
E1010K	SPEN	NP_055816
D2360N	SPEN	NP_055816
S2831T	SPEN	NP_055816
T762M	ZBTB17	NP_003434
W80C	CLCNKA	NP_004061
R83G	CLCNKA	NP_004061
M129V	CLCNKA	NP_004061
T447A	CLCNKA	NP_004061
L647F	CLCNKA	NP_004061
A61D	CLCNKB	NP_000076
A77T	CLCNKB	NP_000076
A77P	CLCNKB	NP_000076
L81P	CLCNKB	NP_000076
R92W	CLCNKB	NP_000076
Y99H	CLCNKB	NP_000076
T115P	CLCNKB	NP_000076
G120R	CLCNKB	NP_000076
G120V	CLCNKB	NP_000076
G122V	CLCNKB	NP_000076
P124L	CLCNKB	NP_000076
L139P	CLCNKB	NP_000076
V149E	CLCNKB	NP_000076
V170M	CLCNKB	NP_000076
M176I	CLCNKB	NP_000076
A204T	CLCNKB	NP_000076
A210V	CLCNKB	NP_000076
P216L	CLCNKB	NP_000076
S218N	CLCNKB	NP_000076
G219C	CLCNKB	NP_000076
S232P	CLCNKB	NP_000076
A242E	CLCNKB	NP_000076
G246R	CLCNKB	NP_000076
A254V	CLCNKB	NP_000076
C292F	CLCNKB	NP_000076
G296D	CLCNKB	NP_000076
S297G	CLCNKB	NP_000076
S297R	CLCNKB	NP_000076
Q303P	CLCNKB	NP_000076
I305M	CLCNKB	NP_000076
L335P	CLCNKB	NP_000076
S337F	CLCNKB	NP_000076
G345S	CLCNKB	NP_000076
A349D	CLCNKB	NP_000076
R351W	CLCNKB	NP_000076
R351P	CLCNKB	NP_000076
R351L	CLCNKB	NP_000076
H357Q	CLCNKB	NP_000076
R395W	CLCNKB	NP_000076
L406P	CLCNKB	NP_000076
M412I	CLCNKB	NP_000076
G424R	CLCNKB	NP_000076
G424E	CLCNKB	NP_000076
Y432H	CLCNKB	NP_000076
G433E	CLCNKB	NP_000076
G437R	CLCNKB	NP_000076
G437R	CLCNKB	NP_000076
R438C	CLCNKB	NP_000076
R438H	CLCNKB	NP_000076
L439P	CLCNKB	NP_000076
E442K	CLCNKB	NP_000076
E442G	CLCNKB	NP_000076
S445A	CLCNKB	NP_000076
I447T	CLCNKB	NP_000076
G465R	CLCNKB	NP_000076
G465E	CLCNKB	NP_000076
A469P	CLCNKB	NP_000076
G470R	CLCNKB	NP_000076
G470E	CLCNKB	NP_000076
T481S	CLCNKB	NP_000076
A510T	CLCNKB	NP_000076
P530L	CLCNKB	NP_000076
R538P	CLCNKB	NP_000076
K560M	CLCNKB	NP_000076
S573Y	CLCNKB	NP_000076
K578E	CLCNKB	NP_000076
C626Y	CLCNKB	NP_000076
L647F	CLCNKB	NP_000076
T659M	CLCNKB	NP_000076
M673L	CLCNKB	NP_000076
A959T	EPHA2	NP_004422
G948W	EPHA2	NP_004422
T940I	EPHA2	NP_004422
E934K	EPHA2	NP_004422
R890C	EPHA2	NP_004422
A785T	EPHA2	NP_004422
R721Q	EPHA2	NP_004422
Q669H	EPHA2	NP_004422
T605I	EPHA2	NP_004422
P584L	EPHA2	NP_004422
Y469H	EPHA2	NP_004422
P439S	EPHA2	NP_004422
T349M	EPHA2	NP_004422
G32R	SPATA21	NP_940948
A71D	NECAP2	NP_001138749
E354K	CROCC	NP_055490
L699P	CROCC	NP_055490
A1069T	ATP13A2	NP_071372
L1059R	ATP13A2	NP_071372
G1014S	ATP13A2	NP_071372
R980H	ATP13A2	NP_071372
R980C	ATP13A2	NP_071372
I946F	ATP13A2	NP_071372
G892D	ATP13A2	NP_071372
G877R	ATP13A2	NP_071372
M854R	ATP13A2	NP_071372
G848D	ATP13A2	NP_071372
P842R	ATP13A2	NP_071372
A746T	ATP13A2	NP_071372
T733M	ATP13A2	NP_071372
G533R	ATP13A2	NP_071372
G504R	ATP13A2	NP_071372
P474A	ATP13A2	NP_071372
R449Q	ATP13A2	NP_071372
I441F	ATP13A2	NP_071372
R294Q	ATP13A2	NP_071372
S282C	ATP13A2	NP_071372
A249V	ATP13A2	NP_071372
F182L	ATP13A2	NP_071372
R164W	ATP13A2	NP_071372
T12M	ATP13A2	NP_071372
G260R	SDHB	NP_002991
L257V	SDHB	NP_002991
K255E	SDHB	NP_002991
P254L	SDHB	NP_002991
C253Y	SDHB	NP_002991
C249Y	SDHB	NP_002991
C249G	SDHB	NP_002991
N248K	SDHB	NP_002991
I246F	SDHB	NP_002991
C243Y	SDHB	NP_002991
C243S	SDHB	NP_002991
R242H	SDHB	NP_002991
R242S	SDHB	NP_002991
R242C	SDHB	NP_002991
Y241D	SDHB	NP_002991
S239C	SDHB	NP_002991
P237S	SDHB	NP_002991
R230H	SDHB	NP_002991
R230L	SDHB	NP_002991
R230G	SDHB	NP_002991
R230C	SDHB	NP_002991
D224H	SDHB	NP_002991
W218S	SDHB	NP_002991
R217L	SDHB	NP_002991
R217G	SDHB	NP_002991
R217C	SDHB	NP_002991
Y216C	SDHB	NP_002991
A215T	SDHB	NP_002991
Q214H	SDHB	NP_002991
Q214R	SDHB	NP_002991
P209L	SDHB	NP_002991
